Method,MSE
N-BEATS (Ours),0.06276216357946396
STL Decomposition,6.000774403358267e-33
Gradient Boosting,0.11122740075075048
