train_site,test_site,train_mse,test_mse
3,13,0.13064397871494293,0.12531617283821106
