noise_std,mse
0.0,0.06107787415385246
0.01,0.060931846499443054
0.05,0.060425929725170135
0.1,0.05996757000684738
0.15,0.059729039669036865
0.2,0.05976693704724312
